﻿<?xml version="1.0" encoding="utf-8"?>
<manifest identifier="_6GK5ioWlOtV_course_id" version="1.0" xmlns="http://www.imsproject.org/xsd/imscp_rootv1p1p2" xmlns:adlcp="http://www.adlnet.org/xsd/adlcp_rootv1p2" xmlns:xsi="http://www.w3.org/2001/XMLSchema-instance" xsi:schemaLocation="http://www.imsproject.org/xsd/imscp_rootv1p1p2 imscp_rootv1p1p2.xsd http://www.imsglobal.org/xsd/imsmd_rootv1p2p1 imsmd_rootv1p2p1.xsd http://www.adlnet.org/xsd/adlcp_rootv1p2 adlcp_rootv1p2.xsd">
  <metadata>
    <schema>ADL SCORM</schema>
    <schemaversion>1.2</schemaversion>
    <lom xmlns="http://www.imsglobal.org/xsd/imsmd_rootv1p2p1" xmlns:xsi="http://www.w3.org/2001/XMLSchema-instance" xsi:schemaLocation="http://www.imsglobal.org/xsd/imsmd_rootv1p2p1 imsmd_rootv1p2p1.xsd">
      <general>
        <title>
          <langstring xml:lang="x-none">Mod1v6</langstring>
        </title>
      </general>
      <lifecycle>
        <version>
          <langstring xml:lang="x-none">1</langstring>
        </version>
        <status>
          <source>
            <langstring xml:lang="x-none">LOMv1.0</langstring>
          </source>
          <value>
            <langstring xml:lang="x-none">Final</langstring>
          </value>
        </status>
      </lifecycle>
      <metametadata>
        <metadatascheme>ADL SCORM 1.2</metadatascheme>
      </metametadata>
      <educational>
        <typicallearningtime>
          <datetime>PT0H0M0S</datetime>
        </typicallearningtime>
      </educational>
      <rights>
        <cost>
          <source>
            <langstring xml:lang="x-none">LOMv1.0</langstring>
          </source>
          <value>
            <langstring xml:lang="x-none">yes</langstring>
          </value>
        </cost>
        <copyrightandotherrestrictions>
          <source>
            <langstring xml:lang="x-none">LOMv1.0</langstring>
          </source>
          <value>
            <langstring xml:lang="x-none">yes</langstring>
          </value>
        </copyrightandotherrestrictions>
      </rights>
    </lom>
  </metadata>
  <organizations default="Mod1v6_ORG">
    <organization identifier="Mod1v6_ORG">
      <title>Mod1v6</title>
      <item identifier="print_SCO" isvisible="true" identifierref="__6GK5ioWlOtV_course_id_RES">
        <title>Mod1v6</title>
      </item>
    </organization>
  </organizations>
  <resources>
    <resource identifier="__6GK5ioWlOtV_course_id_RES" type="webcontent" href="index_lms.html" adlcp:scormtype="sco">
      <file href="story_content/thumbnail.jpg" />
      <file href="mobile/6XckC1cixIc_DX2520_DY2520_CX1261_CY781.png" />
      <file href="mobile/6pnaUJi0WJq_DX1560_DY1560_CX631_CY781.png" />
      <file href="mobile/6iFe7VmFq0n_DX1560_DY1560_CX632_CY782.png" />
      <file href="mobile/6EWR90RZpUb_DX1558_DY1558_CX620_CY779.png" />
      <file href="mobile/6q8eEQUz97F_DX738_DY738_CX369_CY85.png" />
      <file href="mobile/63qsRI3kpVe_DX2516_DY2516_CX1260_CY781.png" />
      <file href="mobile/6H3o67qw6Aw_DX2516_DY2516_CX1260_CY781.png" />
      <file href="story_content/5nstlscUv46_44100_160_0.mp3" />
      <file href="story_content/5myy1ThczDK_44100_160_0.mp3" />
      <file href="mobile/68B5kud82rz_DX374_DY374_CX187_CY55.png" />
      <file href="story_content/63OS7VRMzU1_44100_160_0.mp3" />
      <file href="mobile/6RbTLRgORQg_DX1640_DY1640_CX1212_CY88.png" />
      <file href="mobile/6aaYOHhOl9l_DX40_DY40_CX20_CY17.png" />
      <file href="mobile/6TxynLUyHC4_DX330_DY330_CX165_CY122.png" />
      <file href="mobile/5aTI7MUlib0_DX330_DY330_CX165_CY122.png" />
      <file href="mobile/5qf2M1Zb4aL_DX1560_DY1560_CX70_CY781.png" />
      <file href="mobile/5lggVjcSgOK_P_0_0_289_85_DX2520_DY2520_CX289_CY86.png" />
      <file href="story_content/6YKChcWoYQU_44100_160_0.mp3" />
      <file href="story_content/6YKChcWoYQU_44100_160_0_captions.mp3.js" />
      <file href="story_content/6fNc87LMSsm_44100_160_0.mp3" />
      <file href="mobile/5ueptFyZixJ_DX88_DY88_CX44_CY44.png" />
      <file href="mobile/6gdIWTuk4Vc_DX88_DY88_CX44_CY44.png" />
      <file href="mobile/6lnNTsKdmAA_DX84_DY84_CX40_CY42.png" />
      <file href="mobile/60Ha9zWBgcs_DX84_DY84_CX39_CY42.png" />
      <file href="mobile/6iricaoabVG_DX82_DY82_CX41_CY25.png" />
      <file href="mobile/5yNrUO3F8wm_DX82_DY82_CX41_CY25.png" />
      <file href="mobile/6dSZGPF8VIW_DX88_DY88_CX44_CY44.png" />
      <file href="mobile/6QxMP1mp92z_DX88_DY88_CX44_CY44.png" />
      <file href="mobile/6adRSIhnPms_DX88_DY88_CX44_CY44.png" />
      <file href="mobile/6jQy1n2ORAw_DX88_DY88_CX44_CY44.png" />
      <file href="mobile/5wn57YtOvgn_DX94_DY94_CX47_CY34.png" />
      <file href="mobile/5VM26jytTD9_DX94_DY94_CX47_CY34.png" />
      <file href="mobile/6inkcKfzLUi_DX88_DY88_CX44_CY41.png" />
      <file href="mobile/5hramOc6uoH_DX88_DY88_CX44_CY41.png" />
      <file href="mobile/5Xq37cW8J5G_DX94_DY94_CX47_CY46.png" />
      <file href="mobile/5rPi5pagMhC_DX94_DY94_CX47_CY46.png" />
      <file href="mobile/5fQ6ZQPXJca_DX94_DY94_CX47_CY47.png" />
      <file href="mobile/6fN1lnrrrr9_DX94_DY94_CX47_CY47.png" />
      <file href="mobile/6CmNAFHFuy7_DX94_DY94_CX47_CY47.png" />
      <file href="mobile/5w6TblN9uJT_DX94_DY94_CX47_CY47.png" />
      <file href="mobile/5qf2M1Zb4aL_DX1560_DY1560_CX9_CY103.png" />
      <file href="mobile/5xWYvq8EIwj_DX88_DY88_CX44_CY44.png" />
      <file href="mobile/5yRK8D0YecJ_DX88_DY88_CX44_CY44.png" />
      <file href="mobile/62aTW1XbXDL_DX82_DY82_CX41_CY27.png" />
      <file href="mobile/62fxOx0OB65_DX160_DY160_CX76_CY76.png" />
      <file href="story_content/63plF3pz6W0_44100_160_0.mp3" />
      <file href="mobile/5zQdAb45JD2_DX142_DY142_CX102_CY102.png" />
      <file href="mobile/6COwTLrWnAM_DX142_DY142_CX101_CY102.png" />
      <file href="mobile/5guGwoGi7Pe_DX142_DY142_CX101_CY102.png" />
      <file href="mobile/655oo7PBsU4_DX142_DY142_CX101_CY102.png" />
      <file href="mobile/6ZmL7Xi8h1L_DX142_DY142_CX102_CY102.png" />
      <file href="mobile/5pggfDZiCiP_DX142_DY142_CX102_CY102.png" />
      <file href="mobile/6JcmUOQVZCE_DX142_DY142_CX103_CY102.png" />
      <file href="mobile/6eKRuph81SY_DX142_DY142_CX102_CY102.png" />
      <file href="mobile/65LbGSjymQc_DX142_DY142_CX102_CY102.png" />
      <file href="mobile/5i0w0mXh3Ja_DX142_DY142_CX103_CY102.png" />
      <file href="story_content/6ZIPoiO4oe5_44100_160_0.mp3" />
      <file href="story_content/6PAOSupWstd_44100_160_0.mp3" />
      <file href="mobile/6r0FrnQF8sZ_P_0_58_2048_1209_DX2520_DY2520_CX1890_CY1116.png" />
      <file href="mobile/5hMCmHuhcpJ_P_0_99_2048_1168_DX2520_DY2520_CX1889_CY1078.png" />
      <file href="mobile/6bcvR8SDADO_P_0_99_2048_1168_DX2520_DY2520_CX1889_CY1078.png" />
      <file href="mobile/6n3hjOMuz6v_P_0_129_2048_1138_DX2520_DY2520_CX1889_CY1050.png" />
      <file href="mobile/6ORYu79yU6H_DX2520_DY2520_CX1890_CY1170.png" />
      <file href="mobile/5rALXWYnddb_DX2520_DY2520_CX1890_CY1170.png" />
      <file href="mobile/6R4uhK8iLIt_DX2520_DY2520_CX1890_CY1170.png" />
      <file href="mobile/5VFpN3yQEER_DX2520_DY2520_CX1890_CY1170.png" />
      <file href="mobile/5vftrNcXz5E_DX2520_DY2520_CX1890_CY1170.png" />
      <file href="mobile/5nVEaRtePa9_DX2520_DY2520_CX1890_CY1170.png" />
      <file href="mobile/5bVi76gdt7D_DX2796_DY2796_CX2048_CY1268.png" />
      <file href="mobile/5cV6Kf2KicU_DX2520_DY2520_CX1890_CY1170.png" />
      <file href="mobile/6eZ3mTuGDdx_DX2520_DY2520_CX1890_CY1170.png" />
      <file href="mobile/5esqFBgBfRd_DX2520_DY2520_CX1890_CY1170.png" />
      <file href="mobile/6rRMPM7ZE4d_DX2520_DY2520_CX1890_CY1170.png" />
      <file href="mobile/5nhGneZRigM_DX2520_DY2520_CX1890_CY1170.png" />
      <file href="mobile/6qDbZKF5NBt_DX2520_DY2520_CX1890_CY1170.png" />
      <file href="mobile/5gT8dYS8Z2Z_DX2520_DY2520_CX1890_CY1170.png" />
      <file href="mobile/6PaiAZbJVQN_DX2520_DY2520_CX1890_CY1170.png" />
      <file href="mobile/5uClJVGH7v0_DX2520_DY2520_CX1890_CY1170.png" />
      <file href="mobile/5zQdAb45JD2_DX140_DY140_CX73_CY73.png" />
      <file href="story_content/5r83z3EGaC3_44100_160_0.mp3" />
      <file href="story_content/6Ck3pLxsWUj_44100_160_0.mp3" />
      <file href="story_content/6BhWfil9IEA_44100_160_0.mp3" />
      <file href="story_content/5yDLXwewlWh_44100_160_0.mp3" />
      <file href="story_content/5yDLXwewlWh_44100_160_0_captions.mp3.js" />
      <file href="mobile/5wXv8suWvBV_P_0_99_2048_1168_DX2520_DY2520_CX1889_CY1078.png" />
      <file href="mobile/64zIvZliNRl_DX2520_DY2520_CX1890_CY1170.png" />
      <file href="mobile/6rSH28yWmkg_DX2520_DY2520_CX1890_CY1170.png" />
      <file href="mobile/6RsPSWYgLbv_DX2520_DY2520_CX1890_CY1170.png" />
      <file href="mobile/60WJkNpXr8u_DX2520_DY2520_CX1890_CY1170.png" />
      <file href="mobile/5XuUC5OVpxz_DX2520_DY2520_CX1890_CY1170.png" />
      <file href="mobile/6XRJhuklwZ2_DX2520_DY2520_CX1890_CY1170.png" />
      <file href="mobile/6gh8aSlkzXA_DX2520_DY2520_CX1890_CY1170.png" />
      <file href="mobile/61pNzJMjnc8_DX2520_DY2520_CX1890_CY1170.png" />
      <file href="mobile/6KwtoYu1CDO_DX2520_DY2520_CX1890_CY1170.png" />
      <file href="mobile/5vwuc2n7PGP_DX2520_DY2520_CX1890_CY1170.png" />
      <file href="mobile/6KK5EHsvumr_DX2520_DY2520_CX1890_CY1170.png" />
      <file href="mobile/5rhiyccIDEa_DX2520_DY2520_CX1890_CY1170.png" />
      <file href="mobile/6f8MtNfJeXx_DX2520_DY2520_CX1890_CY1170.png" />
      <file href="mobile/6S60iLOHlSx_DX2520_DY2520_CX1890_CY1170.png" />
      <file href="mobile/5tOScKVGFbv_DX2520_DY2520_CX1890_CY1170.png" />
      <file href="mobile/5VKg4GvASIO_DX2520_DY2520_CX1890_CY1170.png" />
      <file href="mobile/68JRAYxqEXn_DX2520_DY2520_CX1890_CY1170.png" />
      <file href="mobile/5iyTqColxZp_DX2520_DY2520_CX1890_CY1170.png" />
      <file href="mobile/67joKvwEq8X_DX2356_DY2356_CX1765_CY1093.png" />
      <file href="mobile/6dR6teY5Sna_DX2914_DY2914_CX2048_CY1268.png" />
      <file href="story_content/61B2Dv792bU_44100_160_0.mp3" />
      <file href="mobile/5sjRi8TlDIa_DX526_DY526_CX394_CY244.png" />
      <file href="mobile/6rRMPM7ZE4d_P_468_0_765_641_DX2520_DY2520_CX589_CY493.png" />
      <file href="mobile/5mDpDGiCa9b_DX648_DY648_CX485_CY300.png" />
      <file href="mobile/6WafbiytG8I_DX678_DY678_CX508_CY315.png" />
      <file href="mobile/6CcjzaWsBa0_DX98_DY98_CX73_CY73.png" />
      <file href="story_content/5nwlfMEghuU_44100_160_0.mp3" />
      <file href="story_content/5nwlfMEghuU_44100_160_0_captions.mp3.js" />
      <file href="story_content/6r9Ji6OJB32_44100_160_0.mp3" />
      <file href="mobile/6QfGcW8iOgl_DX2520_DY2520_CX1890_CY1170.png" />
      <file href="mobile/5w38weT9fYo_DX2520_DY2520_CX1890_CY1170.png" />
      <file href="mobile/6eCPdeI5U4T_DX2520_DY2520_CX1890_CY1170.png" />
      <file href="mobile/65RaijvK01T_DX2520_DY2520_CX1890_CY1170.png" />
      <file href="mobile/6FhhxNcjHK8_DX2520_DY2520_CX1890_CY1170.png" />
      <file href="mobile/6PpjiewkWmT_RG_DX278_DY278_CX208_CY208.png" />
      <file href="mobile/6Iyd9G02J87_DX2520_DY2520_CX1890_CY1170.png" />
      <file href="mobile/6PpjiewkWmT_DX278_DY278_CX208_CY208.png" />
      <file href="mobile/5Y0KLMcsPg6_DX278_DY278_CX208_CY208.png" />
      <file href="mobile/5eM36Z3JGiB_DX278_DY278_CX208_CY208.png" />
      <file href="mobile/5wH5h38V0bi_DX2520_DY2520_CX1890_CY1170.png" />
      <file href="mobile/5wH5h38V0bi_XY_DX2520_DY2520_CX1890_CY1170.png" />
      <file href="mobile/6GHwEDUwkrx_DX2520_DY2520_CX1890_CY1170.png" />
      <file href="story_content/6PpOZ0ijjYm_44100_160_0.mp3" />
      <file href="story_content/6dVIAxefoNv_44100_160_0.mp3" />
      <file href="story_content/6dVIAxefoNv_44100_160_0_captions.mp3.js" />
      <file href="mobile/6f33SmnN69R_DX2520_DY2520_CX1890_CY1170.png" />
      <file href="mobile/6FjC9T7uInv_DX2520_DY2520_CX1890_CY1170.png" />
      <file href="mobile/5xAgH305rqH_DX2520_DY2520_CX1890_CY1170.png" />
      <file href="mobile/6KpQKA3Nqzy_DX2520_DY2520_CX1890_CY1170.png" />
      <file href="mobile/69sqMRDCC5U_DX2520_DY2520_CX1890_CY1170.png" />
      <file href="mobile/5msYGCdK022_DX2520_DY2520_CX1890_CY1170.png" />
      <file href="mobile/6Ak3Fu7Pb4Y_DX2520_DY2520_CX1890_CY1170.png" />
      <file href="mobile/69P5NpGQhGs_DX2520_DY2520_CX1890_CY1170.png" />
      <file href="mobile/5tfQZIolXAK_DX2520_DY2520_CX1890_CY1170.png" />
      <file href="mobile/6qoDJANKz2h_DX2520_DY2520_CX1890_CY1170.png" />
      <file href="mobile/6FK23cv9MVs_DX2520_DY2520_CX1890_CY1170.png" />
      <file href="mobile/6gEpE8GqnUc_DX2520_DY2520_CX1890_CY1170.png" />
      <file href="mobile/69gqoR4reFo_DX2520_DY2520_CX1890_CY1170.png" />
      <file href="mobile/63tujLsDhSA_DX2520_DY2520_CX1890_CY1170.png" />
      <file href="mobile/5aqg5OxMxx0_DX2520_DY2520_CX1890_CY1170.png" />
      <file href="mobile/6INF24D4jX9_DX2594_DY2594_CX1933_CY1197.png" />
      <file href="mobile/6CMxcrlTSEa_DX2520_DY2520_CX1890_CY1170.png" />
      <file href="story_content/67lfHOZjJLT_44100_160_0.mp3" />
      <file href="story_content/67lfHOZjJLT_44100_160_0_captions.mp3.js" />
      <file href="story_content/6LLsbNp7VP4_44100_160_0.mp3" />
      <file href="story_content/5zWDxzONHuT_44100_160_0.mp3" />
      <file href="mobile/5wNLa9iFWV0_DX2520_DY2520_CX1261_CY781.png" />
      <file href="mobile/5mT1yHymKiq_DX2520_DY2520_CX1890_CY1170.png" />
      <file href="mobile/5dAHJaGAIZy_DX2520_DY2520_CX1890_CY1170.png" />
      <file href="mobile/5orfyi2Pax3_DX2520_DY2520_CX1890_CY1170.png" />
      <file href="mobile/6gLvkHSnCWJ_DX2520_DY2520_CX1890_CY1170.png" />
      <file href="mobile/6r4teQTR8Z7_DX2520_DY2520_CX1890_CY1170.png" />
      <file href="mobile/5dpFCKuyjnQ_DX2520_DY2520_CX1890_CY1170.png" />
      <file href="mobile/5zHROJFEtPZ_DX2520_DY2520_CX1890_CY1170.png" />
      <file href="mobile/6BiDYWhohvZ_DX2520_DY2520_CX1890_CY1170.png" />
      <file href="mobile/69tUohMyRS5_DX2520_DY2520_CX1890_CY1170.png" />
      <file href="mobile/6XjpJalaEU9_DX2520_DY2520_CX1890_CY1170.png" />
      <file href="mobile/5yzCZguib4y_DX1950_DY1950_CX1462_CY905.png" />
      <file href="mobile/5cSUcGOUOMz_DX2204_DY2204_CX1652_CY1023.png" />
      <file href="mobile/5ogiTwDPpMc_DX2330_DY2330_CX1746_CY1081.png" />
      <file href="mobile/6aT8wMKv8Oh_DX2308_DY2308_CX1730_CY1071.png" />
      <file href="mobile/63vGhTF3Scw_DX2398_DY2398_CX1798_CY1113.png" />
      <file href="mobile/6WzDaUCdr7A_DX2296_DY2296_CX1720_CY1065.png" />
      <file href="mobile/5lB71oKLsuW_DX2116_DY2116_CX1586_CY982.png" />
      <file href="story_content/6lJhaFJC7bO_44100_160_0.mp3" />
      <file href="story_content/5y5bYKUSPdE_44100_160_0.mp3" />
      <file href="story_content/5y5bYKUSPdE_44100_160_0_captions.mp3.js" />
      <file href="mobile/5eimBPHxxAY_DX2520_DY2520_CX1890_CY1170.png" />
      <file href="mobile/6estNaLtpQS_DX2520_DY2520_CX1890_CY1170.png" />
      <file href="mobile/6lHXuSNycci_DX2520_DY2520_CX1890_CY1170.png" />
      <file href="mobile/68JTEGx6Pke_DX2520_DY2520_CX1890_CY1170.png" />
      <file href="mobile/6EajsWgV9cG_DX2520_DY2520_CX1890_CY1170.png" />
      <file href="mobile/6R1wD0P8etv_DX2520_DY2520_CX1890_CY1170.png" />
      <file href="mobile/64qgdhdY4OL_DX2520_DY2520_CX1890_CY1170.png" />
      <file href="mobile/5rSPUjlkpLc_DX2520_DY2520_CX1890_CY1170.png" />
      <file href="mobile/5XgV6kL8A8p_DX2520_DY2520_CX1890_CY1170.png" />
      <file href="mobile/5r30M7BeAWk_DX2520_DY2520_CX1890_CY1170.png" />
      <file href="mobile/6hjtOZI70ro_DX2520_DY2520_CX1890_CY1170.png" />
      <file href="mobile/6rZRwoVmHuM_DX2520_DY2520_CX1890_CY1170.png" />
      <file href="story_content/6DAU6mj1mz9_44100_160_0.mp3" />
      <file href="story_content/6DAU6mj1mz9_44100_160_0_captions.mp3.js" />
      <file href="story_content/5abDgULOvLL_44100_160_0.mp3" />
      <file href="mobile/6aErFP5ThPo_DX2520_DY2520_CX1890_CY1170.png" />
      <file href="mobile/6JPJDmExkCs_DX2520_DY2520_CX1890_CY1170.png" />
      <file href="mobile/5Ufj7fn3YsF_DX2520_DY2520_CX1890_CY1170.png" />
      <file href="mobile/5s00CtdUw6F_DX2520_DY2520_CX1890_CY1170.png" />
      <file href="mobile/6S8pmjxO9oc_DX2520_DY2520_CX1890_CY1170.png" />
      <file href="mobile/6GVbDc65cIh_DX2520_DY2520_CX1890_CY1170.png" />
      <file href="mobile/5tJO6UhWybU_DX2520_DY2520_CX1890_CY1170.png" />
      <file href="mobile/5lsq99RvGE2_DX2520_DY2520_CX1890_CY1170.png" />
      <file href="mobile/5uzC3vmKgLp_DX2520_DY2520_CX1890_CY1170.png" />
      <file href="mobile/6HMMBR5Y2xi_DX2520_DY2520_CX1890_CY1170.png" />
      <file href="mobile/6bADk4oapvC_DX2520_DY2520_CX1890_CY1170.png" />
      <file href="mobile/6Vux8IcMPbi_DX2520_DY2520_CX1890_CY1170.png" />
      <file href="mobile/5Zf9oHiA0W1_DX2520_DY2520_CX1890_CY1170.png" />
      <file href="mobile/5rx5PPZU4jg_DX2520_DY2520_CX1890_CY1170.png" />
      <file href="mobile/6jJ8qZDMawC_DX2520_DY2520_CX1890_CY1170.png" />
      <file href="mobile/5nRxy1nZt3h_DX2520_DY2520_CX1890_CY1170.png" />
      <file href="mobile/6qA5M8DyPEY_DX2520_DY2520_CX1890_CY1170.png" />
      <file href="mobile/6PmWpidcKd6_DX2520_DY2520_CX1890_CY1170.png" />
      <file href="mobile/6cL79hnxj8m_DX2520_DY2520_CX1890_CY1170.png" />
      <file href="mobile/5WENupguCgM_DX2520_DY2520_CX1890_CY1170.png" />
      <file href="mobile/6ZGBkeVpZHI_DX2520_DY2520_CX1890_CY1170.png" />
      <file href="mobile/6qu1NKSofN4_DX2520_DY2520_CX1890_CY1170.png" />
      <file href="mobile/6I4iDg8mErr_DX2520_DY2520_CX1890_CY1170.png" />
      <file href="mobile/63QQNe8VoW3_DX2520_DY2520_CX1890_CY1170.png" />
      <file href="mobile/6qmrJjRcV5x_DX2520_DY2520_CX1890_CY1170.png" />
      <file href="mobile/6HddCWZxFmJ_DX2520_DY2520_CX1890_CY1170.png" />
      <file href="mobile/5W56MsdD46t_DX2520_DY2520_CX1890_CY1170.png" />
      <file href="mobile/6FsQwQlGpFG_DX2520_DY2520_CX1890_CY1170.png" />
      <file href="story_content/5Znrl3xzRpl_44100_160_0.mp3" />
      <file href="story_content/5Znrl3xzRpl_44100_160_0_captions.mp3.js" />
      <file href="story_content/696TNIL24f6_44100_160_0.mp3" />
      <file href="mobile/5azVnMjnLKw_DX2520_DY2520_CX1890_CY1170.png" />
      <file href="mobile/60feBgjjnL6_DX2520_DY2520_CX1890_CY1170.png" />
      <file href="mobile/6JECkvRdh5l_DX2520_DY2520_CX1890_CY1170.png" />
      <file href="mobile/5XTwOHn9c6e_DX2520_DY2520_CX1890_CY1170.png" />
      <file href="mobile/6mkeviyLm6t_DX2520_DY2520_CX1890_CY1170.png" />
      <file href="mobile/61LTTCZqWQY_DX2520_DY2520_CX1890_CY1170.png" />
      <file href="mobile/6lURLmeg81N_DX2520_DY2520_CX1890_CY1170.png" />
      <file href="mobile/6YBoNTS7bPv_DX2520_DY2520_CX1890_CY1170.png" />
      <file href="mobile/5xHEWlRRZnQ_DX2520_DY2520_CX1890_CY1170.png" />
      <file href="mobile/5pBTt2Yil4g_DX2520_DY2520_CX1890_CY1170.png" />
      <file href="mobile/6Xdy7KohHzM_DX2520_DY2520_CX1890_CY1170.png" />
      <file href="mobile/6EOThpd4ziH_DX2520_DY2520_CX1890_CY1170.png" />
      <file href="mobile/60FAuFU6aOh_DX2520_DY2520_CX1890_CY1170.png" />
      <file href="mobile/6l4AVDONKfw_DX2520_DY2520_CX1890_CY1170.png" />
      <file href="mobile/6F0WF6XLK3Z_DX2520_DY2520_CX1890_CY1170.png" />
      <file href="mobile/5zXvK3ncn3B_DX2520_DY2520_CX1890_CY1170.png" />
      <file href="mobile/68npVKJITrN_DX2520_DY2520_CX1890_CY1170.png" />
      <file href="mobile/5s34ZLhg3dz_DX2520_DY2520_CX1890_CY1170.png" />
      <file href="story_content/5gGdDUoMMBg_44100_160_0.mp3" />
      <file href="story_content/6O20xdfLQux_44100_160_0.mp3" />
      <file href="story_content/5pdF2y1KZjO_44100_160_0.mp3" />
      <file href="story_content/5pdF2y1KZjO_44100_160_0_captions.mp3.js" />
      <file href="mobile/6ASrzdeCNck_DX2520_DY2520_CX1890_CY1170.png" />
      <file href="mobile/63454r9KzG3_DX2520_DY2520_CX1890_CY1170.png" />
      <file href="mobile/6NaDBZobGxj_DX2520_DY2520_CX1890_CY1170.png" />
      <file href="story_content/5nITBsOVP8P_44100_160_0.mp3" />
      <file href="story_content/6QBQlKyvHQz_44100_160_0.mp3" />
      <file href="story_content/6FjhC7xK8FB_44100_160_0.mp3" />
      <file href="story_content/6U0fx7sM4Uw_44100_160_0.mp3" />
      <file href="story_content/6U0fx7sM4Uw_44100_160_0_captions.mp3.js" />
      <file href="mobile/5a98h9HNEVp_DX2172_DY2172_CX1086_CY66.png" />
      <file href="mobile/6OTm7OAWVt2_DX374_DY374_CX187_CY55.png" />
      <file href="mobile/5cENx23xuxT_DX368_DY368_CX187_CY56.png" />
      <file href="story_content/6NOsaeHOUsr_44100_160_0.mp3" />
      <file href="story_content/6NOsaeHOUsr_44100_160_0_captions.mp3.js" />
      <file href="story_content/632gfOELfkO_44100_160_0.mp3" />
      <file href="mobile/6SsK1dwBP9W_RG_DX950_DY950_CX712_CY440.png" />
      <file href="mobile/5jSpB0PkrvO_RG_DX950_DY950_CX712_CY690.png" />
      <file href="mobile/5orrMQPApOx_DX856_DY856_CX510_CY641.png" />
      <file href="mobile/6IPc2hdCb2Z_RG_DX950_DY950_CX711_CY439.png" />
      <file href="mobile/5aigyGDM2r8_DX160_DY160_CX80_CY80.png" />
      <file href="mobile/68vqnjdSKKC_DX374_DY374_CX187_CY55.png" />
      <file href="mobile/6N18wc612dK_DX366_DY366_CX186_CY56.png" />
      <file href="story_content/6ga0QCw2Pkz_44100_160_0.mp3" />
      <file href="mobile/62fxOx0OB65_DX160_DY160_CX81_CY81.png" />
      <file href="story_content/6Dq6mN2FE9c_44100_160_0.mp3" />
      <file href="mobile/6jItSemziOX_DX160_DY160_CX80_CY80.png" />
      <file href="story_content/6Zl8BQp5564_44100_160_0.mp3" />
      <file href="story_content/6QBOnPoRGAG_44100_160_0.mp3" />
      <file href="story_content/6QBOnPoRGAG_44100_160_0_captions.mp3.js" />
      <file href="story_content/67lggYc5rEV_44100_160_0.mp3" />
      <file href="story_content/6W0Ts6M5SVX_44100_160_0.mp3" />
      <file href="mobile/6Y3VGgLcpcU_DX114_DY114_CX15_CY85.png" />
      <file href="mobile/6DNrTbQ14d7_DX114_DY114_CX15_CY85.png" />
      <file href="mobile/6bnCyq4F9Ly_DX114_DY114_CX15_CY85.png" />
      <file href="mobile/6DmxEpt9SXk_DX114_DY114_CX14_CY85.png" />
      <file href="mobile/6G8UcShGIGq_DX222_DY222_CX105_CY111.png" />
      <file href="story_content/5dTg2UJpZiG_44100_160_0.mp3" />
      <file href="story_content/6kCb3SwuSSi_44100_160_0.mp3" />
      <file href="story_content/6pk6U8uWqPY_44100_160_0.mp3" />
      <file href="story_content/6pk6U8uWqPY_44100_160_0_captions.mp3.js" />
      <file href="mobile/6UQWyFpqUIL_P_0_271_2048_996_DX2520_DY2520_CX1889_CY919.png" />
      <file href="story_content/6PjYyHmzYf3_44100_160_0.mp3" />
      <file href="story_content/5zCEu7rOzKF_44100_160_0.mp3" />
      <file href="mobile/6ieWJiPG2pA_DX906_DY906_CX453_CY128.png" />
      <file href="mobile/6TcQ7YOAVT8_DX374_DY374_CX187_CY56.png" />
      <file href="mobile/6GDPW6Cmp4m_DX374_DY374_CX187_CY56.png" />
      <file href="mobile/62BkIamzdcH_DX374_DY374_CX187_CY56.png" />
      <file href="mobile/6TUoihQngA4_DX374_DY374_CX187_CY56.png" />
      <file href="story_content/5ioZYPmLGJm_44100_160_0.mp3" />
      <file href="meta.xml" />
      <file href="story_content/user.js" />
      <file href="mobile/txt__default_6bvHUCTkxbv.png" />
      <file href="mobile/txt__default_5cDQlwaTjGg.png" />
      <file href="html5/data/css/output.min.css" />
      <file href="html5/data/js/5aCZ2zvOiPp.js" />
      <file href="html5/data/js/5ctUTkKoM7N.js" />
      <file href="html5/data/js/5lEaymCIUrp.js" />
      <file href="html5/data/js/5m9l07z8rdU.js" />
      <file href="html5/data/js/5se5deYfEuo.js" />
      <file href="html5/data/js/5sqQfsHr19J.js" />
      <file href="html5/data/js/5tcRIzCwrw4.js" />
      <file href="html5/data/js/5x4HwMvN3R6.js" />
      <file href="html5/data/js/5XV0j5AJskz.js" />
      <file href="html5/data/js/617MDKVn01E.js" />
      <file href="html5/data/js/68sYZvYi8Zg.js" />
      <file href="html5/data/js/6AzaiHy25Fe.js" />
      <file href="html5/data/js/6gPq7tw5cRp.js" />
      <file href="html5/data/js/6Gs5shaFhMA.js" />
      <file href="html5/data/js/6h5L4GFUgDN.js" />
      <file href="html5/data/js/6VkUfYORE61.js" />
      <file href="html5/data/js/6WecWg54iem.js" />
      <file href="html5/data/js/data.js" />
      <file href="html5/data/js/frame.js" />
      <file href="html5/data/js/paths.js" />
      <file href="html5/lib/scripts/app.min.js" />
      <file href="html5/lib/stylesheets/main.min.css" />
      <file href="html5/lib/stylesheets/mobile-fonts/open-sans-bold.woff" />
      <file href="html5/lib/stylesheets/mobile-fonts/open-sans-light.woff" />
      <file href="html5/lib/stylesheets/mobile-fonts/open-sans-regular.woff" />
      <file href="analytics-frame.html" />
      <file href="story.html" />
      <file href="index_lms.html" />
      <file href="lms/AICCComm.html" />
      <file href="lms/AICCFunctions.js" />
      <file href="lms/API.js" />
      <file href="lms/APIConstants.js" />
      <file href="lms/blank.html" />
      <file href="lms/browsersniff.js" />
      <file href="lms/Configuration.js" />
      <file href="lms/goodbye.html" />
      <file href="lms/lms.js" />
      <file href="lms/LMSAPI.js" />
      <file href="lms/NONEFunctions.js" />
      <file href="lms/SCORM2004Functions.js" />
      <file href="lms/SCORMFunctions.js" />
      <file href="lms/UtilityFunctions.js" />
    </resource>
  </resources>
</manifest>